10000,Social_network
10001,List_of_social_networking_websites
10002,Social_network
10003,Social_relation
10004,Online_community
10005,Social_media
10006,LinkedIn
10007,Real_life
10008,Facebook
10009,Social_navigation
10010,Goodreads
10011,FOAF_(software)
10012,India
10013,Telegraph
10014,Telephone
10015,Social_media
10016,Web_2.0
10017,User-generated_content
10018,Digital_photo
10019,Blog
10020,Social_network
10021,Facebook
10022,Twitter
10023,VKontakte
10024,Qzone
10025,Odnoklassniki
10026,Computer-mediated_communication
10027,Usenet
10028,ARPANET
10029,LISTSERV
10030,Bulletin_board_system
10031,America_Online
10032,Prodigy_(online_service)
10033,CompuServe
10034,The_WELL
10035,World_Wide_Web
10036,Theglobe.com
10037,Geocities
10038,Tripod.com
10039,Classmates.com
10040,PlanetAll
10041,User_profile
10042,Friending
10043,SixDegrees.com
10044,Makeoutclub
10045,Hub_Culture
10046,Friendster
10047,Cyworld
10048,MySpace
10049,LinkedIn
10050,Bebo
10051,Orkut
10052,Myspace
10053,Google
10054,Facebook
10055,Social_impact_of_the_Internet#Social_networking_and_entertainment
10056,Online_communities
10057,Gift_economy
10058,Reciprocal_altruism
10059,Cooperation
10060,Gift_economy
10061,Nonrival_good
10062,Facebook
10063,Identity_(social_science)
10064,Privacy
10065,Social_capital
10066,Youth_culture
10067,Education
10068,Facebook
10069,Philanthropy
10070,Loneliness
10071,Rob_Cover
10072,Web_2.0
10073,Anxiety
10074,Social_network_aggregation
10075,OpenID
10076,OpenSocial
10077,North_America
10078,Nepal
10079,Bitly
10080,VentureBeat
10081,Real-time_web
10082,Twitter
10083,Facebook
10084,Clixtr
10085,Pinterest
10086,Cloud_computing
10087,Application_software
10088,LinkedIn
10089,Monster.com
10090,Foursquare_(service)
10091,Gowalla
10092,GPS
10093,IPhone
10094,|Yelp,_Inc.|
10095,Lead_generation
10096,Fishbrain
10097,Fishing
10098,Strava
10099,Cycling
10100,Academia.edu
10101,LinkedIn
10102,Facebook
10103,ResearchGate
10104,European_Southern_Observatory
10105,Digital_Natives
10106,Social_networking_sites
10107,LinkedIn
10108,Twitter
10109,Social_capital
10110,|English,_baby!|
10111,LiveMocha
10112,Web_2.0
10113,Learning_network
10114,Digital_literacy
10115,Tweeting
10116,Instant_messaging
10117,Blogging
10118,Henry_Jenkins
10119,Participatory_culture
10120,James_Gee
10121,Affinity_spaces
10122,Cyberbullying
10123,Cyberstalking
10124,Digital_media
10125,National_Equality_March
10126,2011_England_riots
10127,Social_network_hosting_service
10128,Financial_derivative
10129,MySpace
10130,Facebook
10131,Online_advertising
10132,Privacy_concerns_with_social_networking_services
10133,Sexual_predators
10134,Computer_insecurity
10135,Computer_virus
10136,MySpace
10137,Netlog
10138,Quechup
10139,E-mail_spam
10140,Institutional_review_board
10141,Informed_consent
10142,Invasion_of_privacy
10143,Openness_to_experience
10144,Extraversion_and_introversion
10145,Conscientiousness
10146,Neuroticism
10147,Data_mining
10148,Demographic
10149,Social_network_analysis
10150,Facebook_Beacon
10151,Unauthorized_access_in_online_social_networks
10152,Facebook
10153,Login
10154,Password
10155,United_States_Secret_Service
10156,MySpace
10157,Suicide_of_Megan_Meier
10158,Facebook
10159,Sesame_Street
10160,Social_networking_sites
10161,Online_predator
10162,Technological_fix
10163,Child_pornography
10164,Troll_(Internet)
10165,Facebook
10166,Cyberbullying
10167,Reality
10168,Flame_bait
10169,Psychology_Today
10170,Avatar
10171,Stephen_Fry
10172,Suicides_attributed_to_bullying
10173,Hate_speech
10174,Fabrice_Muamba
10175,Cyberbullying
10176,Danah_boyd
10177,Oxford_University
10178,Attention_span
10179,Newsweek
10180,Backlog_of_unexamined_patent_applications
10181,Business_method_patents
10182,United_States_Patent_and_Trademark_Office
10183,Amazon.com
10184,PlanetAll
10185,National_Labor_Relations_Board
10186,National_Labor_Relations_Act
10187,Facebook
10188,Erving_Goffman
10189,Fear_of_missing_out
10190,Life_satisfaction
10191,Nicomachean_Ethics
10192,Use_of_social_network_websites_in_investigations
10193,Criminal_investigation
10194,Forensic_profiling
10195,UK
10196,Bangkok
10197,2014_Thai_coup_d%27%C3%A9tat
10198,Thailand
10199,Culture_of_fear
10200,Nineteen_Eighty-Four
10201,THX-1138
10202,Centers_for_Disease_Control
10203,Vaccinations
10204,Whyville
10205,National_Oceanic_and_Atmospheric_Administration
10206,Second_Life
10207,Twitter
10208,Flickr
10209,Review_of_United_States_Human_Space_Flight_Plans_Committee
10210,Entrepreneur
10211,Small_business
10212,Brand_networking
10213,Collaboration
10214,File_sharing
10215,Knowledge_transfer
10216,Enterprise_social_software
10217,Online_dating_service
10218,Match.com
10219,Yahoo_Personals
10220,EHarmony.com
10221,MySpace
10222,National_School_Boards_Association
10223,HASTAC
10224,Ning_(website)
10225,TermWiki
10226,TeachStreet
10227,Yearbook
10228,MyYearbook
10229,Facebook
10230,Virtual_economy
10231,Hub_Culture
10232,Ven_(currency)
10233,Carbon_pricing
10234,HealthUnlocked
10235,PatientsLikeMe
10236,DailyStrength
10237,PatientsLikeMe
10238,SparkPeople
10239,HealthUnlocked
10240,Fitocracy
10241,QUENTIQ
10242,2011_Egyptian_revolution
10243,Facebook
10244,Twitter
10245,2011_Egyptian_revolution#Online_activism_and_the_role_of_social_media
10246,Tahrir_Square
10247,|Barack_Obama_presidential_campaign,_2008|
10248,Crowdsourcing_creative_work
10249,Tongal
10250,Freelancer
10251,Designer
10252,Comparison_of_software_and_protocols_for_distributed_social_networking
10253,Free_and_open_source_software
10254,Diaspora_(software)
10255,Friendica
10256,GNU_social
10257,Kune_(software)
10258,Minds
10259,Facebook
10260,WhatsApp
10261,Facebook_Messenger
10262,Tencent_QQ
10263,WeChat
10264,Qzone
10265,Instagram
10266,Tumblr
10267,Twitter
10268,Baidu_Tieba
10269,Snapchat
10270,Skype
10271,Sina_Weibo
10272,Viber
10273,Line_(software)
10274,Pinterest
10275,YY_(social_network)
10276,LinkedIn
10277,BlackBerry_Messenger
10278,Telegram_(messaging_service)
10279,VK_(social_networking)
10280,KakaoTalk
10281,Time_Magazine
10282,Chief_executive_officer
10283,Mark_Zuckerberg
10284,Time_Magazine_Person_of_the_Year
10285,The_Social_Network
10286,Anonymous_social_media
10287,Collective_intelligence
10288,Comparison_of_research_networking_tools_and_research_profiling_systems
10289,Distributed_social_network
10290,Enterprise_bookmarking
10291,Gender_differences_in_social_network_service_use
10292,Geosocial_networking
10293,Internet
10294,Internet_forum
10295,Internet_think_tanks
10296,Lateral_diffusion
10297,List_of_social_networking_websites
10298,List_of_virtual_communities_with_more_than_100_million_users
10299,Mass_collaboration
10300,Mobile_social_network
10301,Personal_network
10302,Professional_network_service
10303,Online_volunteering
10304,Social_aspects_of_television
10305,Social_bookmark_link_generator
10306,Social_identity
10307,Social_media
10308,Social_network_aggregation
10309,Social_software
10310,Social_television
10311,Virtual_community
10312,Digital_object_identifier
10313,Digital_object_identifier
10314,Social_Science_Research_Network
10315,Digital_object_identifier
10316,Journal_of_Computer-Mediated_Communication
10317,Digital_object_identifier
10318,Digital_object_identifier
10319,Digital_object_identifier
10320,Michael_Hauben
10321,International_Standard_Book_Number
10322,Katie_Hafner
10323,International_Standard_Book_Number
10324,International_Standard_Book_Number
10325,Bloomberg_BusinessWeek
10326,The_Economist
10327,Digital_object_identifier
10328,International_Standard_Book_Number
10329,Digital_object_identifier
10330,International_Standard_Book_Number
10331,Digital_object_identifier
10332,International_Standard_Serial_Number
10333,PubMed_Identifier
10334,VentureBeat
10335,Google_Trends
10336,Mashable
10337,Pew_Research
10338,Reuters
10339,Digital_object_identifier
10340,Digital_object_identifier
10341,Digital_object_identifier
10342,Digital_object_identifier
10343,Digital_object_identifier
10344,Digital_object_identifier
10345,Digital_object_identifier
10346,Digital_object_identifier
10347,International_Standard_Book_Number
10348,International_Standard_Book_Number
10349,Digital_object_identifier
10350,Digital_object_identifier
10351,Stanley_Wasserman
10352,Joseph_Galaskiewicz
10353,International_Standard_Book_Number
10354,Forbes
10355,Wired_(magazine)
10356,International_Standard_Book_Number
10357,InformIT_(publisher)
10358,Digital_object_identifier
10359,Digital_object_identifier
10360,Digital_object_identifier
10361,International_Standard_Book_Number
10362,Digital_object_identifier
10363,PubMed_Identifier
10364,Digital_object_identifier
10365,Digital_object_identifier
10366,Social_Science_Research_Network
10367,Digital_object_identifier
10368,Social_Science_Research_Network
10369,Digital_object_identifier
10370,Digital_object_identifier
10371,ArXiv
10372,Basic_Books
10373,International_Standard_Book_Number
10374,Basic_Books
10375,International_Standard_Book_Number
10376,MIT_Technology_Review
10377,Digital_object_identifier
10378,Digital_object_identifier
10379,Digital_object_identifier
10380,Digital_object_identifier
10381,The_Herald_and_Weekly_Times_Ltd
10382,Milwaukee_Journal_Sentinel
10383,The_Journal_(Edinburgh)
10384,Fox_News_Channel
10385,NPR.com
10386,Internetnews.com
10387,Marketwatch.com
10388,Forbes
10389,Matthew_Auer
10390,Policy_Studies_Journal
10391,Social_Science_Research_Network
10392,Digital_object_identifier
10393,Wired_(magazine)
10394,Paul_Buchheit
10395,FriendFeed
10396,Routledge
10397,International_Standard_Book_Number
10398,International_Standard_Book_Number
10399,International_Standard_Book_Number
10400,Sherry_Turkle
10401,New_Scientist
10402,PBS
10403,International_Standard_Book_Number
10404,International_Standard_Book_Number
10405,Digital_object_identifier
10406,Template:Online_social_networking
10407,Template_talk:Online_social_networking
10408,List_of_social_networking_websites
10409,23snaps
10410,Amikumu
10411,ANobii
10412,AsianAve
10413,ASKfm
10414,Badoo
10415,Bebo
10416,Cloob
10417,Cyworld
10418,Diaspora_(social_network)
10419,Draugiem.lv
10420,Ello_(social_network)
10421,Facebook
10422,Foursquare
10423,Google%2B
10424,Hello_(social_network)
10425,Hi5
10426,Highlight_(application)
10427,Instagram
10428,Keek
10429,LiveJournal
10430,Lifeknot
10431,LockerDome
10432,Marco_Polo_(app)
10433,Mastodon_(software)
10434,MeetMe
10435,Miaopai
10436,Micro.blog
10437,MixBit
10438,Mixi
10439,Musical.ly
10440,Myspace
10441,Nasza-klasa.pl
10442,Nextdoor
10443,Odnoklassniki
10444,Path_(social_network)
10445,Peach_(social_network)
10446,Periscope_(app)
10447,Pinterest
10448,Pixnet
10449,Qzone
10450,Readgeek
10451,Renren
10452,Sina_Weibo
10453,Slidely
10454,Snapchat
10455,Spaces_(social_network)
10456,Spring.me
10457,Streetlife_(website)
10458,StudiVZ
10459,Swarm_(app)
10460,Tagged
10461,Taringa!
10462,Tbh_(app)
10463,Tea_Party_Community
10464,Tinder_(app)
10465,Tout_(company)
10466,Tuenti
10467,TV_Time
10468,Tumblr
10469,Twitter
10470,Untappd
10471,VKontakte
10472,Whisper_(app)
10473,Xanga
10474,Yo_(app)
10475,Professional_network_service
10476,Academia.edu
10477,Brainly
10478,BranchOut
10479,Edmodo
10480,EXo_Platform
10481,IBM_Connections
10482,LinkedIn
10483,Moodle
10484,ResearchGate
10485,Sciencescape
10486,Solaborate
10487,Viadeo
10488,XING
10489,IdeaPlane
10490,Yammer
10491,List_of_defunct_social_networking_websites
10492,App.net
10493,Avatars_United
10494,Bolt_(website)
10495,Capazoo
10496,EConozco
10497,Emojli
10498,FitFinder
10499,Formspring
10500,FriendFeed
10501,Friends_Reunited
10502,Friendster
10503,Grono.net
10504,Google_Buzz
10505,Heello
10506,Hyves
10507,ITunes_Ping
10508,IWiW
10509,Jaiku
10510,LunarStorm
10511,Me2day
10512,Meerkat_(app)
10513,Mobli
10514,Mugshot_(website)
10515,Natter_Social_Network
10516,Netlog
10517,Orkut
10518,Pheed
10519,Piczo
10520,PlanetAll
10521,Posterous
10522,Pownce
10523,Qaiku
10524,SixDegrees.com
10525,So.cl
10526,Surfbook
10527,Ts%C5%AB_(social_network)
10528,Tvtag
10529,Vine_(service)
10530,Windows_Live_Spaces
10531,Wretch_(website)
10532,Yahoo!_360%C2%B0
10533,Yahoo!_Kickstart
10534,Yahoo!_Mash
10535,Yahoo!_Meme
10536,Yik_Yak
10537,White-label_product
10538,Ning_(website)
10539,Wall.fm
10540,Social_network_analysis_software
10541,Diaspora_(software)
10542,Web_2.0_Suicide_Machine
10543,Comparison_of_social_networking_software
10544,Online_identity
10545,User_profile
10546,Virtual_community
10547,List_of_virtual_communities_with_more_than_1_million_users
10548,List_of_virtual_communities_with_more_than_100_million_active_users
10549,Social_network_advertising
10550,Social_network_hosting_service
10551,Online_dating_service
10552,Comparison_of_online_dating_websites
10553,Mobile_social_network
10554,User_interface
10555,Activity_stream
10556,Brand_page
10557,Like_button
10558,Hashtag
10559,Group_(online_social_networking)
10560,Reblogging
10561,Open_access_poll
10562,Online_petition
10563,Privacy_issues_of_social_networking_sites
10564,Gender_differences_in_social_network_service_use
10565,Use_of_social_network_websites_in_investigations
10566,Small-world_experiment
10567,Small-world_network
10568,Social_network
10569,Cybersectarianism
10570,Panopticon
10571,Micropub_(protocol)
10572,Webmention
10573,Distributed_Social_Networking_Protocol
10574,OpenSocial
10575,Template:Social_networking
10576,Template_talk:Social_networking
10577,Social_network
10578,Social_media
10579,City_network
10580,Personal_network
10581,Professional_network_service
10582,Sexual_network
10583,Value_network
10584,Distributed_social_network
10585,Comparison_of_software_and_protocols_for_distributed_social_networking
10586,Enterprise_social_networking
10587,Mobile_social_network
10588,Personal_knowledge_networking
10589,List_of_social_networking_websites
10590,List_of_virtual_communities_with_more_than_1_million_users
10591,List_of_virtual_communities_with_more_than_100_million_active_users
10592,Assortative_mixing
10593,Bridge_(interpersonal)
10594,Organizational_network_analysis
10595,Small-world_experiment
10596,Social_aspects_of_television
10597,Social_capital
10598,Social_data_revolution
10599,Social_exchange_theory
10600,Social_identity_theory
10601,Social_network_analysis
10602,Social_web
10603,Structural_endogamy
10604,Social_network_aggregation
10605,Social_network_change_detection
10606,Collaboration_graph
10607,Collaborative_consumption
10608,Giant_Global_Graph
10609,Lateral_communication
10610,Social_graph
10611,Social_network_analysis_software
10612,Social_networking_potential
10613,Social_television
10614,Structural_cohesion
10615,Collaborative_finance
10616,Social_commerce
10617,Community_recognition
10618,Complex_contagion
10619,Consequential_strangers
10620,Friend_of_a_friend
10621,Friendship_paradox
10622,Six_degrees_of_separation
10623,Social_invisibility
10624,Social_network_game
10625,Social_occultation
10626,Tribe_(internet)
10627,List_of_social_network_researchers
10628,User_profile
10629,Viral_messages
10630,Virtual_community
10631,Template:Computer-mediated_communication
10632,Template_talk:Computer-mediated_communication
10633,Computer-mediated_communication
10634,Online_chat
10635,Online_discussion
10636,Communication_software
10637,Collaborative_software
10638,Social_network_service
10639,Virtual_learning_environment
10640,Asynchronous_conferencing
10641,Email
10642,Electronic_mailing_list
10643,FidoNet
10644,Usenet
10645,Internet_forum
10646,Textboard
10647,Imageboard
10648,Shoutbox
10649,Bulletin_board_system
10650,Guestbook
10651,Synchronous_conferencing
10652,Data_conferencing
10653,Instant_messaging
10654,Internet_Relay_Chat
10655,LAN_messenger
10656,Talker
10657,Videoconferencing
10658,Voice_over_IP
10659,Voice_chat_in_online_gaming
10660,Web_chat
10661,Web_conferencing
10662,Blog
10663,Microblogging
10664,Wiki
10665,Social_networking_service
10666,Talk:Social_networking_service
10667,Social_networking_service
10668,Main_Page
10669,Main_Page
10670,Social_network_service
10671,Website
10672,Comparison_of_online_dating_websites
10673,List_of_defunct_social_networking_websites
10674,Alexa_Internet
10675,Registered_user
10676,Alexa_Internet
10677,43_Things
10678,Academia.edu
10679,About.me
10680,Advogato
10681,Free_software
10682,Open_source_software
10683,ANobii
10684,AsianAvenue
10685,Asian_American
10686,ASmallWorld
10687,Jet_set
10688,Invitation_system
10689,Athlinks
10690,Audimated
10691,Bebo
10692,Biip.no
10693,BlackPlanet
10694,Bolt.com
10695,Busuu
10696,Buzznet
10697,CafeMom
10698,Care2
10699,Green_movement
10700,CaringBridge
10701,Classmates.com
10702,Cloob
10703,CouchSurfing
10704,CozyCot
10705,East_Asia
10706,Southeast_Asia
10707,Crunchyroll
10708,Cucumbertown
10709,Chef
10710,Cyworld
10711,DailyBooth
10712,DailyStrength
10713,Delicious_(website)
10714,DeviantArt
10715,Diaspora_(social_network)
10716,Distributed_social_network
10717,Disaboom
10718,Dol2day
10719,DontStayIn
10720,Draugiem.lv
10721,Latvia
10722,Lithuania
10723,Hungary
10724,Douban
10725,Web_2.0
10726,Doximity
10727,Dreamwidth
10728,DXY.cn
10729,Elftown
10730,Fantasy
10731,Sci-fi
10732,Ello_(social_network)
10733,Elixio
10734,Jet_set
10735,Invitation_system
10736,|English,_baby!|
10737,Eons.com
10738,Baby_boomers
10739,EToro
10740,Experience_Project
10741,Facebook
10742,Fetlife
10743,Legal_age
10744,FilmAffinity
10745,Filmow
10746,FledgeWing
10747,Flixster
10748,Flickr
10749,Yahoo!
10750,Focus.com
10751,Business-to-business
10752,Fotki
10753,Fotolog
10754,Foursquare_(service)
10755,Friendica
10756,Distributed_social_network
10757,Friends_Reunited
10758,Friendster
10759,Southeast_Asia
10760,Western_world
10761,Fuelmyblog
10762,Blog
10763,Fyuse
10764,Gab.ai
10765,Gaia_Online
10766,Anime
10767,GamerDNA
10768,Gapyear.com
10769,Gather.com
10770,Gays.com
10771,LGBT
10772,Geni.com
10773,Gentlemint
10774,GetGlue
10775,GirlsAskGuys
10776,Gogoyoko
10777,Goodreads
10778,Goodwizz
10779,Google%2B
10780,GovLoop
10781,Grindr
10782,Grono.net
10783,Poland
10784,Habbo
10785,Hi5_(website)
10786,Nepal
10787,Mongolia
10788,Thailand
10789,Romania
10790,Jamaica
10791,Central_Africa
10792,Portugal
10793,Latin_America
10794,United_States
10795,Hospitality_Club
10796,Hotlist
10797,HR.com
10798,Human_resources
10799,Hub_Culture
10800,Invitation_system
10801,Ibibo
10802,India
10803,Identi.ca
10804,Indaba_Music
10805,Influenster
10806,Instagram
10807,IRC-Galleria
10808,Italki
10809,Itsmy
10810,Jaiku
10811,Microblogging
10812,Google
10813,Jiepang
10814,Kaixin001
10815,Kiwibox
10816,LaiBhaari
10817,Marathi_language
10818,Last.fm
10819,Late_Night_Shots
10820,Invitation_system
10821,LibraryThing
10822,Lifeknot
10823,LinkedIn
10824,LinkExpats
10825,Listography
10826,LiveJournal
10827,OpenID
10828,Livemocha
10829,Makeoutclub
10830,MEETin
10831,Meetup_(website)
10832,Meettheboss
10833,MillatFacebook
10834,Minds
10835,Distributed_social_network
10836,Mixi
10837,Japan
10838,MocoSpace
10839,MOG_(online_music)
10840,MouthShut.com
10841,Mubi_(website)
10842,Auteur_cinema
10843,MyHeritage
10844,My_Opera
10845,Opera_Link
10846,Myspace
10847,Nasza-klasa.pl
10848,Netlog
10849,Nexopia
10850,Ning_(website)
10851,Odnoklassniki
10852,Open_Diary
10853,Orkut
10854,India
10855,Brazil
10856,OUTeverywhere
10857,Gay
10858,LGBTQ
10859,PatientsLikeMe
10860,Partyflock
10861,Pingsta
10862,Internetwork
10863,Pinterest
10864,Plaxo
10865,Playfire
10866,Playlist.com
10867,Plurk
10868,RSS
10869,Taiwan
10870,Poolwo
10871,Quechup
10872,Quora
10873,Qzone
10874,Raptr
10875,Ravelry
10876,Renren
10877,ReverbNation.com
10878,Rooster_Teeth#Community_and_website
10879,Ryze
10880,ScienceStage
10881,ShareTheMusic
10882,Shelfari
10883,Sina_Weibo
10884,Skoob
10885,Skyrock_(social_network_site)
10886,SocialVibe
10887,Sonico.com
10888,SoundCloud
10889,Spaces_(social_network)
10890,Spot.IM
10891,Webmaster
10892,Spring.me
10893,Stage_32
10894,Stickam
10895,Streetlife_(website)
10896,StudiVZ
10897,Students_Circle_Network
10898,StumbleUpon
10899,Tagged
10900,Talkbiznow
10901,Taltopia
10902,Taringa!
10903,TeachStreet
10904,TermWiki
10905,The_Sphere_(social_network)
10906,Invitation_system
10907,TravBuddy.com
10908,Travellerspoint
10909,Tsu_(social_network)
10910,Tribe.net
10911,Trombi.com
10912,Tuenti
10913,Spain
10914,Tumblr
10915,Twitter
10916,Tylted
10917,Untappd
10918,Uplike
10919,VK_(social_networking)
10920,Vampirefreaks.com
10921,Viadeo
10922,Virb
10923,Vox_(blogging_platform)
10924,Wattpad
10925,WAYN_(website)
10926,WeeWorld
10927,We_Heart_It
10928,Wellwer
10929,Wepolls.com
10930,Wer-kennt-wen
10931,WeRead
10932,Wooxie
10933,WriteAPrisoner.com
10934,Xanga
10935,XING
10936,Xt3
10937,World_Youth_Day_2008
10938,Yammer
10939,|Yelp,_Inc.|
10940,Yookos
10941,Zoo.gr
10942,List_of_virtual_communities_with_more_than_100_million_users
10943,Comparison_of_free_blog_hosting_services
10944,Comparison_of_microblogging_services
10945,Comparison_of_free_web_hosting_services
10946,List_of_social_bookmarking_websites
10947,Second-level_domains
10948,TechCrunch
10949,Vox_Media#Vox.com
10950,Wayback_Machine
10951,Digital_Spy
10952,BBC_News
10953,Mobile_Entertainment
10954,The_Beijinger
10955,RT_(TV_network)
10956,The_Huffington_Post
10957,Brian_Stelter
10958,N._Y._Times
10959,Alexa_Internet
10960,Wayback_Machine
10961,Reuters
10962,RIA_Novosti
10963,Wayback_Machine
10964,Chicago_Tribune
10965,Mashable
10966,Wayback_Machine
10967,Alexa_Internet
10968,Wayback_Machine
10969,BBC_News
10970,XING
10971,Template:Online_social_networking
10972,Template_talk:Online_social_networking
10973,Social_networking_service
10974,23snaps
10975,Amikumu
10976,ANobii
10977,AsianAve
10978,ASKfm
10979,Badoo
10980,Bebo
10981,Cloob
10982,Cyworld
10983,Diaspora_(social_network)
10984,Draugiem.lv
10985,Ello_(social_network)
10986,Facebook
10987,Foursquare
10988,Google%2B
10989,Hello_(social_network)
10990,Hi5
10991,Highlight_(application)
10992,Instagram
10993,Keek
10994,LiveJournal
10995,Lifeknot
10996,LockerDome
10997,Marco_Polo_(app)
10998,Mastodon_(software)
10999,MeetMe
11000,Miaopai
11001,Micro.blog
11002,MixBit
11003,Mixi
11004,Musical.ly
11005,Myspace
11006,Nasza-klasa.pl
11007,Nextdoor
11008,Odnoklassniki
11009,Path_(social_network)
11010,Peach_(social_network)
11011,Periscope_(app)
11012,Pinterest
11013,Pixnet
11014,Qzone
11015,Readgeek
11016,Renren
11017,Sina_Weibo
11018,Slidely
11019,Snapchat
11020,Spaces_(social_network)
11021,Spring.me
11022,Streetlife_(website)
11023,StudiVZ
11024,Swarm_(app)
11025,Tagged
11026,Taringa!
11027,Tbh_(app)
11028,Tea_Party_Community
11029,Tinder_(app)
11030,Tout_(company)
11031,Tuenti
11032,TV_Time
11033,Tumblr
11034,Twitter
11035,Untappd
11036,VKontakte
11037,Whisper_(app)
11038,Xanga
11039,Yo_(app)
11040,Professional_network_service
11041,Academia.edu
11042,Brainly
11043,BranchOut
11044,Edmodo
11045,EXo_Platform
11046,IBM_Connections
11047,LinkedIn
11048,Moodle
11049,ResearchGate
11050,Sciencescape
11051,Solaborate
11052,Viadeo
11053,XING
11054,IdeaPlane
11055,Yammer
11056,List_of_defunct_social_networking_websites
11057,App.net
11058,Avatars_United
11059,Bolt_(website)
11060,Capazoo
11061,EConozco
11062,Emojli
11063,FitFinder
11064,Formspring
11065,FriendFeed
11066,Friends_Reunited
11067,Friendster
11068,Grono.net
11069,Google_Buzz
11070,Heello
11071,Hyves
11072,ITunes_Ping
11073,IWiW
11074,Jaiku
11075,LunarStorm
11076,Me2day
11077,Meerkat_(app)
11078,Mobli
11079,Mugshot_(website)
11080,Natter_Social_Network
11081,Netlog
11082,Orkut
11083,Pheed
11084,Piczo
11085,PlanetAll
11086,Posterous
11087,Pownce
11088,Qaiku
11089,SixDegrees.com
11090,So.cl
11091,Surfbook
11092,Ts%C5%AB_(social_network)
11093,Tvtag
11094,Vine_(service)
11095,Windows_Live_Spaces
11096,Wretch_(website)
11097,Yahoo!_360%C2%B0
11098,Yahoo!_Kickstart
11099,Yahoo!_Mash
11100,Yahoo!_Meme
11101,Yik_Yak
11102,White-label_product
11103,Ning_(website)
11104,Wall.fm
11105,Social_network_analysis_software
11106,Diaspora_(software)
11107,Web_2.0_Suicide_Machine
11108,Comparison_of_social_networking_software
11109,Online_identity
11110,User_profile
11111,Virtual_community
11112,List_of_virtual_communities_with_more_than_1_million_users
11113,List_of_virtual_communities_with_more_than_100_million_active_users
11114,Social_network_advertising
11115,Social_network_hosting_service
11116,Online_dating_service
11117,Comparison_of_online_dating_websites
11118,Mobile_social_network
11119,User_interface
11120,Activity_stream
11121,Brand_page
11122,Like_button
11123,Hashtag
11124,Group_(online_social_networking)
11125,Reblogging
11126,Open_access_poll
11127,Online_petition
11128,Privacy_issues_of_social_networking_sites
11129,Gender_differences_in_social_network_service_use
11130,Use_of_social_network_websites_in_investigations
11131,Small-world_experiment
11132,Small-world_network
11133,Social_network
11134,Cybersectarianism
11135,Panopticon
11136,Micropub_(protocol)
11137,Webmention
11138,Distributed_Social_Networking_Protocol
11139,OpenSocial
11140,Template:Social_networking
11141,Template_talk:Social_networking
11142,Social_network
11143,Social_media
11144,City_network
11145,Personal_network
11146,Professional_network_service
11147,Sexual_network
11148,Value_network
11149,Distributed_social_network
11150,Comparison_of_software_and_protocols_for_distributed_social_networking
11151,Enterprise_social_networking
11152,Mobile_social_network
11153,Personal_knowledge_networking
11154,Social_networking_service
11155,List_of_virtual_communities_with_more_than_1_million_users
11156,List_of_virtual_communities_with_more_than_100_million_active_users
11157,Assortative_mixing
11158,Bridge_(interpersonal)
11159,Organizational_network_analysis
11160,Small-world_experiment
11161,Social_aspects_of_television
11162,Social_capital
11163,Social_data_revolution
11164,Social_exchange_theory
11165,Social_identity_theory
11166,Social_network_analysis
11167,Social_web
11168,Structural_endogamy
11169,Social_network_aggregation
11170,Social_network_change_detection
11171,Collaboration_graph
11172,Collaborative_consumption
11173,Giant_Global_Graph
11174,Lateral_communication
11175,Social_graph
11176,Social_network_analysis_software
11177,Social_networking_potential
11178,Social_television
11179,Structural_cohesion
11180,Collaborative_finance
11181,Social_commerce
11182,Community_recognition
11183,Complex_contagion
11184,Consequential_strangers
11185,Friend_of_a_friend
11186,Friendship_paradox
11187,Six_degrees_of_separation
11188,Social_invisibility
11189,Social_network_game
11190,Social_occultation
11191,Tribe_(internet)
11192,List_of_social_network_researchers
11193,User_profile
11194,Viral_messages
11195,Virtual_community
11196,List_of_social_networking_websites
11197,Talk:List_of_social_networking_websites
11198,List_of_social_networking_websites
11199,Main_Page
11200,Main_Page
11201,Social_networking_service
11202,The_Social_Network
11203,Social_network_(disambiguation)
11204,Sociology
11205,History_of_sociology
11206,Outline_of_sociology
11207,Sociological_theory
11208,Structural_functionalism
11209,Conflict_theories
11210,Symbolic_interactionism
11211,Social_research
11212,Quantitative_research
11213,Qualitative_research
11214,Historical_sociology
11215,Comparative_historical_research
11216,Mathematical_sociology
11217,Computational_sociology
11218,Ethnography
11219,Ethnomethodology
11220,Social_network_analysis
11221,Positivism
11222,Critical_theory
11223,Subfields_of_sociology
11224,Social_conflict
11225,Criminology
11226,Social_constructionism
11227,Sociology_of_culture
11228,Development_theory
11229,Deviance_(sociology)
11230,Demography
11231,Sociology_of_education
11232,Economic_sociology
11233,Environmental_sociology
11234,Sociology_of_the_family
11235,Feminist_sociology
11236,Sociology_of_gender
11237,Sociology_of_health_and_illness
11238,Industrial_sociology
11239,Social_inequality
11240,Sociology_of_knowledge
11241,Sociology_of_law
11242,Sociology_of_literature
11243,Medical_sociology
11244,Military_sociology
11245,Organizational_theory
11246,Political_sociology
11247,Sociology_of_race_and_ethnic_relations
11248,Sociology_of_religion
11249,Rural_sociology
11250,Sociology_of_scientific_knowledge
11251,Social_change
11252,Social_movement
11253,Social_psychology_(sociology)
11254,Social_stratification
11255,Science_and_technology_studies
11256,Social_construction_of_technology
11257,Urban_sociology
11258,Utilitarianism
11259,Index_of_sociology_articles
11260,Bibliography_of_sociology
11261,Index_of_sociology_articles
11262,List_of_sociology_journals
11263,List_of_sociological_associations
11264,List_of_sociologists
11265,Timeline_of_sociology
11266,Template:Sociology
11267,Template_talk:Sociology
11268,Network_science
11269,Network_theory
11270,Graph_(discrete_mathematics)
11271,Complex_network
11272,Complex_contagion
11273,Small-world_network
11274,Scale-free_network
11275,Community_structure
11276,Percolation_theory
11277,Evolving_networks
11278,Network_controllability
11279,Graph_drawing
11280,Social_capital
11281,Link_analysis
11282,Combinatorial_optimization
11283,Reciprocity_(network_science)
11284,Triadic_closure
11285,Homophily
11286,Transitive_relation
11287,Preferential_attachment
11288,Balance_theory
11289,Network_effect
11290,Social_influence
11291,Computer_network
11292,Telecommunications_network
11293,Transport_network
11294,Scientific_collaboration_network
11295,Biological_network
11296,Artificial_neural_network
11297,Interdependent_networks
11298,Semantic_network
11299,Spatial_network
11300,Dependency_network
11301,Flow_network
11302,Graph_(discrete_mathematics)
11303,Clique_(graph_theory)
11304,Connected_component_(graph_theory)
11305,Cut_(graph_theory)
11306,Cycle_(graph_theory)
11307,Graph_(abstract_data_type)
11308,Edge_(graph_theory)
11309,Loop_(graph_theory)
11310,Neighbourhood_(graph_theory)
11311,Path_(graph_theory)
11312,Vertex_(graph_theory)
11313,Adjacency_list
11314,Adjacency_matrix
11315,Incidence_list
11316,Incidence_matrix
11317,Bipartite_graph
11318,Complete_graph
11319,Directed_graph
11320,Hypergraph
11321,Multigraph
11322,Random_graph
11323,Weighted_network
11324,Metrics_(networking)
11325,List_of_algorithms#Networking
11326,Centrality
11327,Degree_(graph_theory)
11328,Betweenness_centrality
11329,Closeness_(graph_theory)
11330,PageRank
11331,Network_motif
11332,Clustering_coefficient
11333,Degree_distribution
11334,Assortativity
11335,Distance_(graph_theory)
11336,Modularity_(networks)
11337,Efficiency_(Network_Science)
11338,Random_graph
11339,Erd%C5%91s%E2%80%93R%C3%A9nyi_model
11340,Barab%C3%A1si%E2%80%93Albert_model
11341,Fitness_model_(network_theory)
11342,Watts_and_Strogatz_model
11343,Exponential_random_graph_models
11344,Hyperbolic_geometric_graph
11345,Hierarchical_network_model
11346,Stochastic_block_model
11347,Lancichinetti%E2%80%93Fortunato%E2%80%93Radicchi_benchmark
11348,Boolean_network
11349,Agent-based_model
11350,Epidemic_model
11351,SIR_model
11352,List_of_network_theory_topics
11353,Social_network_analysis_software
11354,List_of_network_scientists
11355,Template:Network_science
11356,Template_talk:Network_science
11357,Social_structure
11358,Social
11359,Dyad_(sociology)
11360,Social_relation
11361,Social_network_analysis
11362,Interdisciplinarity
11363,Social_psychology
11364,Sociology
11365,Statistics
11366,Graph_theory
11367,Georg_Simmel
11368,Jacob_Moreno
11369,Sociogram
11370,Social_network_analysis
11371,Complex_network
11372,Network_science
11373,Barab%C3%A1si%E2%80%93Albert_model
11374,Scientific_theory
11375,Construct_(philosophy_of_science)
11376,Social_sciences
11377,Social_groups
11378,Formal_organizations
11379,Society
11380,Social_unit
11381,Differentiation_(sociology)
11382,Social_structure
11383,Social_interactions
11384,Axiom
11385,Social_interaction
11386,Agency_(sociology)
11387,Agent-based_model
11388,Network_science
11389,Anthropology
11390,Biology
11391,Communication_studies
11392,Economics
11393,Geography
11394,Information_science
11395,Organizational_studies
11396,Social_psychology
11397,Sociology
11398,Sociolinguistics
11399,%C3%89mile_Durkheim
11400,Ferdinand_T%C3%B6nnies
11401,Social_group
11402,Gemeinschaft
11403,Community
11404,Gesellschaft
11405,Society
11406,Georg_Simmel
11407,Psychology
11408,Jacob_L._Moreno
11409,Sociometry
11410,Anthropology
11411,Ethnography
11412,Bronislaw_Malinowski
11413,Radcliffe-Brown
11414,Claude_L%C3%A9vi-Strauss
11415,Max_Gluckman
11416,Manchester_school_(anthropology)
11417,John_Arundel_Barnes
11418,J._Clyde_Mitchell
11419,Elizabeth_Bott_Spillius
11420,Siegfried_Frederick_Nadel
11421,Sociology
11422,Talcott_Parsons
11423,Peter_Blau
11424,Social_exchange_theory
11425,Harrison_White
11426,Harvard_Department_of_Social_Relations
11427,Charles_Tilly
11428,Stanley_Milgram
11429,Mark_Granovetter
11430,Barry_Wellman
11431,Duncan_J._Watts
11432,Albert-L%C3%A1szl%C3%B3_Barab%C3%A1si
11433,Peter_Bearman
11434,Nicholas_A._Christakis
11435,James_H._Fowler
11436,Self-organization
11437,Emergence
11438,Social_complexity
11439,Interpersonal_relationships
11440,Information_theory
11441,Level_of_analysis
11442,Mutually_exclusive_events
11443,Microsociology
11444,Macrosociology
11445,Snowball_sampling
11446,Dyad_(sociology)
11447,Structural_functionalism
11448,Social_equality
11449,Reciprocity_(social_and_political_philosophy)
11450,Triadic_relation
11451,Independence_number
11452,Vertex-transitive_graph
11453,Social_equality
11454,Reciprocity_(social_and_political_philosophy)
11455,Balance_theory
11456,Fritz_Heider
11457,Love_triangle
11458,Signed_graph
11459,Centrality
11460,Isolates
11461,Bridge_(interpersonal)
11462,Psychology
11463,Social_psychology_(sociology)
11464,Ethnographic
11465,Kinship
11466,Genealogy
11467,Subset
11468,Distance_(graph_theory)
11469,Cliques
11470,Cohesion_(social_policy)
11471,Group_action_(sociology)
11472,Group_behaviour
11473,Sample_population
11474,Organizations
11475,Social_group
11476,Goal
11477,Formal_organization
11478,Informal_organization
11479,Exponential_random_graph_models
11480,Degree_(graph_theory)
11481,Reciprocity_(social_and_political_philosophy)
11482,Transitive_set
11483,Homophily
11484,Attribute-value_system
11485,Dependency_graph
11486,Parameter
11487,Induced_subgraph
11488,Scale-free_network
11489,Complex_network
11490,Degree_distribution
11491,Power_law
11492,Asymptotic
11493,Network_theory
11494,Random_network
11495,Degree_distribution
11496,Vertex_(graph_theory)
11497,Maximum_degree
11498,Clustering_coefficient
11499,Power_law
11500,Barab%C3%A1si%E2%80%93Albert_model
11501,Economic
11502,Resource
11503,Transfer_function
11504,Sample_population
11505,Large-scale_macroeconometric_model
11506,Social_science
11507,Behavioural_sciences
11508,Economics
11509,Computer_sciences
11510,Network_mapping#Large-scale_mapping_project
11511,Social_complexity
11512,Network_topology
11513,Complexity_science
11514,Dynamical_system
11515,Chaos_theory
11516,Biological
11517,Computer_network
11518,Complex_network
11519,Degree_distribution
11520,Clustering_coefficient
11521,Assortativity
11522,Community_structure
11523,Stochastic_block_model
11524,Hierarchy
11525,Agency_(philosophy)
11526,Reciprocity_in_network
11527,Network_motif
11528,Lattice_graph
11529,Random_graph
11530,Graph_theory
11531,Balance_theory
11532,Social_comparison_theory
11533,Social_identity_approach
11534,Role_theory
11535,Social_capital
11536,Structural_holes
11537,Information_theory
11538,Business_networking
11539,Interpersonal_ties
11540,Communication_Studies
11541,Sociology
11542,Psychology
11543,Anthropology
11544,Information_science
11545,Biology
11546,Political_science
11547,Economics
11548,Rhetoric
11549,Literary_studies
11550,Semiotics
11551,Community
11552,Telecommunications
11553,Social_network_services
11554,Network_science
11555,Community_development
11556,Complex_networks
11557,Social_complexity
11558,Complex_adaptive_system
11559,Dynamic_network_analysis
11560,Dual-phase_evolution#social_networks
11561,Criminology
11562,Urban_sociology
11563,Diffusion_of_innovations
11564,Culture
11565,Demography
11566,Sociology
11567,Economic_sociology
11568,Social_capital
11569,Health_care_analytics
11570,Epidemiology
11571,Health_Communication
11572,Health_care_systems
11573,Human_ecology
11574,Interdisciplinary
11575,Transdisciplinary
11576,Human
11577,Natural_environment
11578,Social_environment
11579,Built_environment
11580,Geography
11581,Sociology
11582,Psychology
11583,Anthropology
11584,Zoology
11585,Ecology
11586,Language
11587,Linguistics
11588,Evolutionary_linguistics
11589,Morphology_(linguistics)
11590,Phonology
11591,Language_shift
11592,Even-Zohar
11593,Computer_graphics_(computer_science)
11594,Formal_organization
11595,Informal_organization
11596,Social_relation
11597,Organizational_communication
11598,Economics
11599,Economic_sociology
11600,Resource
11601,Transfer_function
11602,Interlocking_directorate
11603,Organizational_commitment
11604,Organizational_identification
11605,Organizational_citizenship_behavior
11606,Social_capital
11607,Capital_(economics)
11608,Cultural_capital
11609,Stock_and_flow
11610,Reciprocity_(social_psychology)
11611,Trust_(social_sciences)
11612,Cooperation
11613,Market_(economics)
11614,Agent_(economics)
11615,Goods_and_services
11616,Common_good
11617,Social_relation
11618,Formal_organizations
11619,John_Stuart_Mill
11620,Social_media
11621,Computer_network
11622,Social_networking_service
11623,Computer_mediated_communication
11624,Electronic_commerce
11625,Social_network_analysis
11626,Bibliography_of_sociology
11627,Business_networking
11628,Collective_network
11629,International_Network_for_Social_Network_Analysis
11630,Network_society
11631,Network_theory
11632,Semiotics_of_social_networking
11633,Scientific_collaboration_network
11634,Social_network_analysis
11635,Social_network_(sociolinguistics)
11636,Social_networking_service
11637,Social_web
11638,Structural_fold
11639,Stanley_Wasserman
11640,International_Standard_Book_Number
11641,William_Richard_Scott
11642,Gerald_F._Davis
11643,International_Standard_Book_Number
11644,International_Standard_Book_Number
11645,Digital_object_identifier
11646,International_Standard_Book_Number
11647,International_Standard_Book_Number
11648,International_Standard_Book_Number
11649,Digital_object_identifier
11650,Digital_object_identifier
11651,Digital_object_identifier
11652,Digital_object_identifier
11653,International_Standard_Book_Number
11654,Digital_object_identifier
11655,Digital_object_identifier
11656,Digital_object_identifier
11657,International_Standard_Book_Number
11658,Digital_object_identifier
11659,Digital_object_identifier
11660,Digital_object_identifier
11661,ArXiv
11662,Digital_object_identifier
11663,Digital_object_identifier
11664,PubMed_Identifier
11665,Digital_object_identifier
11666,Digital_object_identifier
11667,Digital_object_identifier
11668,Digital_object_identifier
11669,Digital_object_identifier
11670,Digital_object_identifier
11671,Digital_object_identifier
11672,Digital_object_identifier
11673,Digital_object_identifier
11674,Digital_object_identifier
11675,International_Standard_Serial_Number
11676,Digital_object_identifier
11677,International_Standard_Book_Number
11678,Caroline_Haythornthwaite
11679,Barry_Wellman
11680,Digital_object_identifier
11681,International_Standard_Book_Number
11682,International_Standard_Book_Number
11683,International_Standard_Book_Number
11684,International_Standard_Book_Number
11685,International_Standard_Book_Number
11686,International_Standard_Book_Number
11687,International_Standard_Book_Number
11688,International_Standard_Book_Number
11689,International_Standard_Book_Number
11690,International_Standard_Book_Number
11691,International_Standard_Serial_Number
11692,Template:Social_networking
11693,Template_talk:Social_networking
11694,Social_media
11695,City_network
11696,Personal_network
11697,Professional_network_service
11698,Sexual_network
11699,Value_network
11700,Distributed_social_network
11701,Comparison_of_software_and_protocols_for_distributed_social_networking
11702,Enterprise_social_networking
11703,Mobile_social_network
11704,Personal_knowledge_networking
11705,Social_networking_service
11706,List_of_social_networking_websites
11707,List_of_virtual_communities_with_more_than_1_million_users
11708,List_of_virtual_communities_with_more_than_100_million_active_users
11709,Assortative_mixing
11710,Bridge_(interpersonal)
11711,Organizational_network_analysis
11712,Small-world_experiment
11713,Social_aspects_of_television
11714,Social_capital
11715,Social_data_revolution
11716,Social_exchange_theory
11717,Social_identity_theory
11718,Social_network_analysis
11719,Social_web
11720,Structural_endogamy
11721,Social_network_aggregation
11722,Social_network_change_detection
11723,Collaboration_graph
11724,Collaborative_consumption
11725,Giant_Global_Graph
11726,Lateral_communication
11727,Social_graph
11728,Social_network_analysis_software
11729,Social_networking_potential
11730,Social_television
11731,Structural_cohesion
11732,Collaborative_finance
11733,Social_commerce
11734,Community_recognition
11735,Complex_contagion
11736,Consequential_strangers
11737,Friend_of_a_friend
11738,Friendship_paradox
11739,Six_degrees_of_separation
11740,Social_invisibility
11741,Social_network_game
11742,Social_occultation
11743,Tribe_(internet)
11744,List_of_social_network_researchers
11745,User_profile
11746,Viral_messages
11747,Virtual_community
11748,Template:Social_sciences
11749,Template_talk:Social_sciences
11750,Social_science
11751,Anthropology
11752,Archaeology
11753,Cultural_anthropology
11754,Linguistics
11755,Social_anthropology
11756,Economics
11757,Microeconomics
11758,Macroeconomics
11759,Geography
11760,Human_geography
11761,Integrated_geography
11762,History
11763,Cultural_history
11764,Economic_history
11765,Military_history
11766,Political_history
11767,Social_history
11768,Law
11769,Jurisprudence
11770,Legal_history
11771,List_of_national_legal_systems
11772,Political_science
11773,International_relations
11774,Psephology
11775,Public_administration
11776,Public_policy
11777,Psychology
11778,Abnormal_psychology
11779,Behavioral_neuroscience
11780,Cognitive_psychology
11781,Developmental_psychology
11782,Personality_psychology
11783,Social_psychology
11784,Sociology
11785,Criminology
11786,Demography
11787,Sociology_of_the_Internet
11788,Rural_sociology
11789,Urban_sociology
11790,Anthrozoology
11791,Area_studies
11792,Business_studies
11793,Cognitive_science
11794,Communication_studies
11795,Community_studies
11796,Cultural_studies
11797,Development_studies
11798,Education
11799,Environmental_social_science
11800,Environmental_studies
11801,Food_studies
11802,Gender_studies
11803,Global_studies
11804,History_of_technology
11805,Human_ecology
11806,Information_science
11807,International_studies
11808,Media_studies
11809,Philosophy_of_science
11810,Philosophy_and_economics
11811,Philosophy_of_history
11812,Philosophy_of_psychology
11813,Philosophy_of_social_science
11814,Land-use_planning
11815,Regional_planning
11816,Urban_planning
11817,Political_ecology
11818,Political_economy
11819,Public_health
11820,Regional_science
11821,|Science,_technology_and_society|
11822,Science_studies
11823,History_of_science
11824,Social_work
11825,Humanities
11826,Geisteswissenschaft
11827,Human_science
11828,Index_of_sociology_articles
11829,List_of_social_science_journals
11830,Outline_of_social_science
11831,Template:Online_social_networking
11832,Template_talk:Online_social_networking
11833,Social_networking_service
11834,List_of_social_networking_websites
11835,23snaps
11836,Amikumu
11837,ANobii
11838,AsianAve
11839,ASKfm
11840,Badoo
11841,Bebo
11842,Cloob
11843,Cyworld
11844,Diaspora_(social_network)
11845,Draugiem.lv
11846,Ello_(social_network)
11847,Facebook
11848,Foursquare
11849,Google%2B
11850,Hello_(social_network)
11851,Hi5
11852,Highlight_(application)
11853,Instagram
11854,Keek
11855,LiveJournal
11856,Lifeknot
11857,LockerDome
11858,Marco_Polo_(app)
11859,Mastodon_(software)
11860,MeetMe
11861,Miaopai
11862,Micro.blog
11863,MixBit
11864,Mixi
11865,Musical.ly
11866,Myspace
11867,Nasza-klasa.pl
11868,Nextdoor
11869,Odnoklassniki
11870,Path_(social_network)
11871,Peach_(social_network)
11872,Periscope_(app)
11873,Pinterest
11874,Pixnet
11875,Qzone
11876,Readgeek
11877,Renren
11878,Sina_Weibo
11879,Slidely
11880,Snapchat
11881,Spaces_(social_network)
11882,Spring.me
11883,Streetlife_(website)
11884,StudiVZ
11885,Swarm_(app)
11886,Tagged
11887,Taringa!
11888,Tbh_(app)
11889,Tea_Party_Community
11890,Tinder_(app)
11891,Tout_(company)
11892,Tuenti
11893,TV_Time
11894,Tumblr
11895,Twitter
11896,Untappd
11897,VKontakte
11898,Whisper_(app)
11899,Xanga
11900,Yo_(app)
11901,Professional_network_service
11902,Academia.edu
11903,Brainly
11904,BranchOut
11905,Edmodo
11906,EXo_Platform
11907,IBM_Connections
11908,LinkedIn
11909,Moodle
11910,ResearchGate
11911,Sciencescape
11912,Solaborate
11913,Viadeo
11914,XING
11915,IdeaPlane
11916,Yammer
11917,List_of_defunct_social_networking_websites
11918,App.net
11919,Avatars_United
11920,Bolt_(website)
11921,Capazoo
11922,EConozco
11923,Emojli
11924,FitFinder
11925,Formspring
11926,FriendFeed
11927,Friends_Reunited
11928,Friendster
11929,Grono.net
11930,Google_Buzz
11931,Heello
11932,Hyves
11933,ITunes_Ping
11934,IWiW
11935,Jaiku
11936,LunarStorm
11937,Me2day
11938,Meerkat_(app)
11939,Mobli
11940,Mugshot_(website)
11941,Natter_Social_Network
11942,Netlog
11943,Orkut
11944,Pheed
11945,Piczo
11946,PlanetAll
11947,Posterous
11948,Pownce
11949,Qaiku
11950,SixDegrees.com
11951,So.cl
11952,Surfbook
11953,Ts%C5%AB_(social_network)
11954,Tvtag
11955,Vine_(service)
11956,Windows_Live_Spaces
11957,Wretch_(website)
11958,Yahoo!_360%C2%B0
11959,Yahoo!_Kickstart
11960,Yahoo!_Mash
11961,Yahoo!_Meme
11962,Yik_Yak
11963,White-label_product
11964,Ning_(website)
11965,Wall.fm
11966,Social_network_analysis_software
11967,Diaspora_(software)
11968,Web_2.0_Suicide_Machine
11969,Comparison_of_social_networking_software
11970,Online_identity
11971,User_profile
11972,Virtual_community
11973,List_of_virtual_communities_with_more_than_1_million_users
11974,List_of_virtual_communities_with_more_than_100_million_active_users
11975,Social_network_advertising
11976,Social_network_hosting_service
11977,Online_dating_service
11978,Comparison_of_online_dating_websites
11979,Mobile_social_network
11980,User_interface
11981,Activity_stream
11982,Brand_page
11983,Like_button
11984,Hashtag
11985,Group_(online_social_networking)
11986,Reblogging
11987,Open_access_poll
11988,Online_petition
11989,Privacy_issues_of_social_networking_sites
11990,Gender_differences_in_social_network_service_use
11991,Use_of_social_network_websites_in_investigations
11992,Small-world_experiment
11993,Small-world_network
11994,Cybersectarianism
11995,Panopticon
11996,Micropub_(protocol)
11997,Webmention
11998,Distributed_Social_Networking_Protocol
11999,OpenSocial
12000,Social_network
12001,Talk:Social_network
12002,Social_network
12003,Main_Page
12004,Main_Page
12005,Interpersonal_relationship
12006,Social_science
12007,Agency_(sociology)
12008,Social_structure
12009,Social_scientists
12010,Max_Weber
12011,Social_action
12012,Categorizing
12013,Gemeinschaft_and_Gesellschaft
12014,Collective_consciousness
12015,Sociology
12016,Piotr_Sztompka
12017,Sociology
12018,Anthropology
12019,Animal
12020,Behavior
12021,Action_(philosophy)
12022,Social_behavior
12023,Social_action
12024,Social_network
12025,Face-to-face_interaction
12026,Behavior
12027,Action_(philosophy)
12028,Social_behavior
12029,Social_action
12030,Social_network
12031,Affectional_action
12032,Communicative_action
12033,Dramaturgical_action
12034,Instrumental_and_value-rational_action
12035,Interaction_frequency
12036,Interdependence
12037,Interpersonal_relationship
12038,Group_action_(sociology)
12039,Reflexivity_(social_theory)
12040,Relations_of_production
12041,Social_isolation
12042,Social_movement
12043,Symbolic_interactionism
12044,Traditional_action
12045,Engaged_theory
12046,Sociology
12047,Social_philosophy
12048,Political_science
12049,Social_psychology
12050,Socionics
12051,Piotr_Sztompka
12052,International_Standard_Book_Number
12053,Max_Weber
12054,Social_relation
12055,Talk:Social_relation
12056,Social_relation
12057,Main_Page
12058,Main_Page
